Termék ID,Terméknév,,Aktuális raktárkészlet,Mennyiség
TRDNT-101,Porral oltó 6kg ABC - MAXIMA,Tűzoltó berendezések,719,DB
TRDNT-102,Porral oltó 12kg ABC - MAXIMA,Tűzoltó berendezések,11,DB
TRDNT-103,Porral oltó 2Kg ABC - MAXIMA,Tűzoltó berendezések,2,DB
TRDNT-104,porrr,Tűzoltó berendezések,0,DB
TRDNT-105,,Tűzoltó berendezések,0,DB
TRDNT-106,,Tűzoltó berendezések,0,DB
TRDNT-107,,Tűzoltó berendezések,0,DB
TRDNT-108,,Tűzoltó berendezések,0,DB
TRDNT-109,,Tűzoltó berendezések,0,DB
TRDNT-110,,Tűzoltó berendezések,0,DB
TRDNT-111,,Tűzoltó berendezések,0,DB
TRDNT-112,,Tűzoltó berendezések,0,DB
TRDNT-113,,Tűzoltó berendezések,0,DB
TRDNT-114,,Tűzoltó berendezések,0,DB
TRDNT-115,Tűztakaró 3m - MAXIMA,Tűzoltó berendezések,11,DB
TRDNT-201,,Táblák,0,DB
TRDNT-202,,Táblák,0,DB
TRDNT-203,,Táblák,0,DB
TRDNT-204,,Táblák,0,DB
TRDNT-205,,Táblák,0,DB
TRDNT-206,,Táblák,0,DB
TRDNT-207,,Táblák,0,DB
TRDNT-208,,Táblák,0,DB
TRDNT-209,,Táblák,0,DB
TRDNT-210,,Táblák,0,DB
TRDNT-211,,Táblák,0,DB
TRDNT-212,,Táblák,0,DB
TRDNT-213,,Táblák,0,DB
TRDNT-214,,Táblák,0,DB
TRDNT-215,,Táblák,0,DB
TRDNT-216,,Táblák,0,DB
TRDNT-217,,Táblák,0,DB
TRDNT-218,,Táblák,0,DB
TRDNT-219,,Táblák,0,DB
TRDNT-220,,Táblák,0,DB
TRDNT-221,,Táblák,0,DB
TRDNT-222,,Táblák,0,DB
TRDNT-223,,Táblák,0,
TRDNT-224,,Táblák,0,
TRDNT-225,,Táblák,0,
TRDNT-300,,Elsősegély,0,
TRDNT-301,,Elsősegély,0,
TRDNT-302,,Elsősegély,0,
TRDNT-303,,Elsősegély,0,
TRDNT-304,,Elsősegély,0,
TRDNT-305,,Elsősegély,0,
TRDNT-306,,Elsősegély,0,
TRDNT-307,,Elsősegély,0,
TRDNT-308,,Elsősegély,0,
TRDNT-309,,Elsősegély,0,
TRDNT-310,,Elsősegély,0,
TRDNT-311,,Elsősegély,0,
TRDNT-312,,Elsősegély,0,
TRDNT-313,,Elsősegély,0,
TRDNT-314,,Elsősegély,0,
TRDNT-315,,Elsősegély,0,